Date,Category1,Category2,Category3,Maker,Sales,Identifier
2021-04-01,Water,Heaters,null,Sugiura,1538.0,UPJKNMIDRB
2021-04-01,Air,Conditioners,null,Yoshikawa,5691.0,NTMMOBBPEE
2021-04-01,Refrigerators,null,null,Omuro,31135.0,FUWHINIXUA
2021-04-01,Vacuum,Cleaners,null,Funami,927.0,VEWPPXWTWS
2021-04-01,Washers,&,Dryers,Akaza,5343.0,VUQUQMHODG
2021-04-01,Water,Heaters,null,Yoshikawa,210.0,DUVTZNWNAB
2021-04-01,Refrigerators,null,null,Akaza,2031.0,XVIOZZOUTN
2021-04-01,Vacuum,Cleaners,null,Akaza,1140.0,ZBYVQNRPUP
2021-04-01,Rice,Cookers,null,Ikeda,2043.0,JYINACMKHE
2021-04-01,Water,Heaters,null,Omuro,1135.0,POEZMGDXLN
2021-04-01,Ovens,&,Cooktops,Sugiura,1324.0,LBABGBBMJJ
2021-04-01,Washers,&,Dryers,Kikuma,1563.0,QFY2WV5LUE
2021-04-01,Ovens,&,Cooktops,Omuro,11687.0,HWTFIGIXOL
2021-04-01,Ovens,&,Cooktops,Shimada,1186.0,WVJTPVZKAQ
2021-04-01,Dishwashers,null,null,Ikeda,126.0,HO4RC4RTDS
2021-04-01,Televisions,null,null,Okamoto,1547.0,HANYALJGGA
2021-04-01,Air,Conditioners,null,Funami,4299.0,HWQKLKDVSB
2021-04-01,Vacuum,Cleaners,null,Hisami,1116.0,VNZSEQOSNP
2021-04-01,Televisions,null,null,Kikuma,782.0,FRBLLORNXN
2021-04-01,Dishwashers,null,null,Matsumoto,616.0,UPHDCCFDRL
2021-04-01,Water,Pumps,null,Funami,12511.0,ZJPMAJIMIT
2021-04-01,Water,Pumps,null,Yoshikawa,1720.0,TLSY3MWMK8
2021-04-01,Ovens,&,Cooktops,Toshino,2646.0,LFIEXBAPFQ
2021-04-01,Refrigerators,null,null,Shimada,9505.0,SFCA6H6QNU
2021-04-01,Ovens,&,Cooktops,Ikeda,350.0,ZTEIJGNYNC
2021-04-01,Televisions,null,null,Katayama,2496.0,VZAQLWEGXU
2021-04-01,Rice,Cookers,null,Akaza,2569.0,KSNN8R2CCO
2021-04-01,Water,Pumps,null,Furutani,10418.0,FVDHIZGQRC
2021-04-01,Refrigerators,null,null,Hisami,1076.0,MXC7NMNBIW
2021-04-01,Water,Heaters,null,Ikeda,319.0,AHSRVKIOLJ
2021-04-01,Water,Heaters,null,Furutani,1379.0,PF4KB33DVZ
2021-04-01,Rice,Cookers,null,Toshino,6725.0,ECQPIOYXZO
2021-04-01,Rice,Cookers,null,Funami,8936.0,YPD6CTR0JA
2021-04-01,Air,Conditioners,null,Akaza,1734.0,IVOI4I03JA
2021-04-01,Dishwashers,null,null,Katayama,1587.0,ZWNGQMERMH
2021-04-01,Vacuum,Cleaners,null,Toshino,195.0,NHXJMH55UY
2021-04-01,Washers,&,Dryers,Shimada,1062.0,RBRMDIXXGL
2021-04-01,Refrigerators,null,null,Nanase,857.0,GQUIAFQIRH
2021-04-01,Refrigerators,null,null,Yoshikawa,2762.0,UG2IU3EFWI
2021-04-01,Rice,Cookers,null,Matsumoto,6968.0,TJLYGOSEBQ
2021-04-01,Dishwashers,null,null,Nanase,4471.0,AVXSMNNRDX
2021-04-01,Refrigerators,null,null,Funami,1030.0,BIBIOOIHA
2021-04-01,Televisions,null,null,Shimada,2623.0,GHOAPVUVYL
2021-04-01,Dishwashers,null,null,Sugiura,2240.0,KR2Q6QT8PE
2021-04-01,Ovens,&,Cooktops,Akaza,577.0,PHFB77Q5OA
2021-04-01,Washers,&,Dryers,Okamoto,882.0,FUFHZH9WRW
2021-04-01,Rice,Cookers,null,Furutani,6628.0,ZJZZJNDFOZ
2021-04-01,Air,Conditioners,null,Toshino,6195.0,RVFWTWSMNU
2021-04-01,Water,Pumps,null,Ikeda,830.0,VYD6DV2OVE
2021-04-01,Vacuum,Cleaners,null,Hayashida,537.0,GCPKFKSEWG
2021-04-01,Televisions,null,null,Nanase,338.0,EFCRJFQTCD
2021-04-01,Washers,&,Dryers,Hayashida,,AHJK2FTTBH
2021-04-05,Ovens,&,Cooktops,Omuro,12712.0,HWTFIGIXOL
2021-04-05,Water,Pumps,null,Furutani,10313.0,FVDHIZGQRC
2021-04-05,Washers,&,Dryers,Kikuma,1514.0,QFY2WV5LUE
2021-04-05,Dishwashers,null,null,Matsumoto,620.0,UPHDCCFDRL
2021-04-05,Rice,Cookers,null,Toshino,6643.0,ECQPIOYXZO
2021-04-05,Water,Heaters,null,Furutani,1283.0,PF4KB33DVZ
2021-04-05,Water,Pumps,null,Funami,12241.0,ZJPMAJIMIT
2021-04-05,Vacuum,Cleaners,null,Toshino,204.0,NHXJMH55UY
2021-04-05,Washers,&,Dryers,Hayashida,,AHJK2FTTBH
2021-04-05,Vacuum,Cleaners,null,Akaza,1138.0,ZBYVQNRPUP
2021-04-05,Ovens,&,Cooktops,Toshino,2540.0,LFIEXBAPFQ
2021-04-05,Washers,&,Dryers,Shimada,1067.0,RBRMDIXXGL
2021-04-05,Rice,Cookers,null,Akaza,2569.0,KSNN8R2CCO
2021-04-05,Water,Heaters,null,Yoshikawa,198.0,DUVTZNWNAB
2021-04-05,Water,Pumps,null,Ikeda,808.0,VYD6DV2OVE
2021-04-05,Ovens,&,Cooktops,Sugiura,1284.0,LBABGBBMJJ
2021-04-05,Dishwashers,null,null,Ikeda,124.0,HO4RC4RTDS
2021-04-05,Refrigerators,null,null,Yoshikawa,2875.0,UG2IU3EFWI
2021-04-05,Televisions,null,null,Nanase,340.0,EFCRJFQTCD
2021-04-05,Refrigerators,null,null,Shimada,8865.0,SFCA6H6QNU
2021-04-05,Air,Conditioners,null,Toshino,6235.0,RVFWTWSMNU
2021-04-05,Water,Heaters,null,Sugiura,1421.0,UPJKNMIDRB
2021-04-05,Televisions,null,null,Katayama,2422.0,VZAQLWEGXU
2021-04-05,Refrigerators,null,null,Hisami,1060.0,MXC7NMNBIW
2021-04-05,Washers,&,Dryers,Okamoto,899.0,FUFHZH9WRW
2021-04-05,Rice,Cookers,null,Matsumoto,7099.0,TJLYGOSEBQ
2021-04-05,Televisions,null,null,Shimada,2615.0,GHOAPVUVYL
2021-04-05,Refrigerators,null,null,Funami,1040.0,BIBIOOIHA
2021-04-05,Rice,Cookers,null,Ikeda,2058.0,JYINACMKHE
2021-04-05,Vacuum,Cleaners,null,Funami,909.0,VEWPPXWTWS
2021-04-05,Refrigerators,null,null,Akaza,2038.0,XVIOZZOUTN
2021-04-05,Refrigerators,null,null,Nanase,866.0,GQUIAFQIRH
2021-04-05,Dishwashers,null,null,Sugiura,2192.0,KR2Q6QT8PE
2021-04-05,Televisions,null,null,Okamoto,1541.0,HANYALJGGA
2021-04-05,Washers,&,Dryers,Akaza,5357.0,VUQUQMHODG
2021-04-05,Air,Conditioners,null,Yoshikawa,5748.0,NTMMOBBPEE
2021-04-05,Rice,Cookers,null,Furutani,6468.0,ZJZZJNDFOZ
2021-04-05,Air,Conditioners,null,Akaza,1715.0,IVOI4I03JA
2021-04-05,Vacuum,Cleaners,null,Hayashida,530.0,GCPKFKSEWG
2021-04-05,Ovens,&,Cooktops,Shimada,1190.0,WVJTPVZKAQ
2021-04-05,Televisions,null,null,Kikuma,792.0,FRBLLORNXN
2021-04-05,Dishwashers,null,null,Nanase,4426.0,AVXSMNNRDX
2021-04-05,Water,Heaters,null,Omuro,1047.0,POEZMGDXLN
2021-04-05,Water,Pumps,null,Yoshikawa,1710.0,TLSY3MWMK8
2021-04-05,Rice,Cookers,null,Funami,8926.0,YPD6CTR0JA
2021-04-05,Ovens,&,Cooktops,Ikeda,335.0,ZTEIJGNYNC
2021-04-05,Dishwashers,null,null,Katayama,1516.0,ZWNGQMERMH
2021-04-05,Refrigerators,null,null,Omuro,30786.0,FUWHINIXUA
2021-04-05,Vacuum,Cleaners,null,Hisami,1137.0,VNZSEQOSNP
2021-04-05,Ovens,&,Cooktops,Akaza,574.0,PHFB77Q5OA
2021-04-05,Water,Heaters,null,Ikeda,299.0,AHSRVKIOLJ
2021-04-05,Air,Conditioners,null,Funami,4197.0,HWQKLKDVSB
2021-04-06,Televisions,null,null,Nanase,341.0,EFCRJFQTCD
2021-04-06,Refrigerators,null,null,Funami,1087.0,BIBIOOIHA
2021-04-06,Water,Pumps,null,Ikeda,827.0,VYD6DV2OVE
2021-04-06,Rice,Cookers,null,Funami,8806.0,YPD6CTR0JA
2021-04-06,Vacuum,Cleaners,null,Toshino,201.0,NHXJMH55UY
2021-04-06,Dishwashers,null,null,Sugiura,2334.0,KR2Q6QT8PE
2021-04-06,Air,Conditioners,null,Akaza,1734.0,IVOI4I03JA
2021-04-06,Ovens,&,Cooktops,Akaza,588.0,PHFB77Q5OA
2021-04-06,Refrigerators,null,null,Omuro,30806.0,FUWHINIXUA
2021-04-06,Rice,Cookers,null,Ikeda,2011.0,JYINACMKHE
2021-04-06,Water,Heaters,null,Furutani,1328.0,PF4KB33DVZ
2021-04-06,Air,Conditioners,null,Funami,4194.0,HWQKLKDVSB
2021-04-06,Water,Pumps,null,Funami,12150.0,ZJPMAJIMIT
2021-04-06,Vacuum,Cleaners,null,Hisami,1170.0,VNZSEQOSNP
2021-04-06,Rice,Cookers,null,Akaza,2526.0,KSNN8R2CCO
2021-04-06,Water,Pumps,null,Yoshikawa,1723.0,TLSY3MWMK8
2021-04-06,Dishwashers,null,null,Nanase,4669.0,AVXSMNNRDX
2021-04-06,Ovens,&,Cooktops,Shimada,1200.0,WVJTPVZKAQ
2021-04-06,Dishwashers,null,null,Ikeda,128.0,HO4RC4RTDS
2021-04-06,Ovens,&,Cooktops,Sugiura,1302.0,LBABGBBMJJ
2021-04-06,Televisions,null,null,Katayama,,VZAQLWEGXU
2021-04-06,Washers,&,Dryers,Akaza,5339.0,VUQUQMHODG
2021-04-06,Water,Heaters,null,Yoshikawa,199.0,DUVTZNWNAB
2021-04-06,Televisions,null,null,Okamoto,1558.0,HANYALJGGA
2021-04-06,Vacuum,Cleaners,null,Akaza,1158.0,ZBYVQNRPUP
2021-04-06,Washers,&,Dryers,Kikuma,1510.0,QFY2WV5LUE
2021-04-06,Dishwashers,null,null,Matsumoto,626.0,UPHDCCFDRL
2021-04-06,Air,Conditioners,null,Toshino,6291.0,RVFWTWSMNU
2021-04-06,Refrigerators,null,null,Hisami,1069.0,MXC7NMNBIW
2021-04-06,Vacuum,Cleaners,null,Hayashida,544.0,GCPKFKSEWG
2021-04-06,Washers,&,Dryers,Hayashida,1862.0,AHJK2FTTBH
2021-04-06,Refrigerators,null,null,Shimada,8878.0,SFCA6H6QNU
2021-04-06,Water,Heaters,null,Ikeda,304.0,AHSRVKIOLJ
2021-04-06,Water,Heaters,null,Sugiura,1467.0,UPJKNMIDRB
2021-04-06,Dishwashers,null,null,Katayama,1605.0,ZWNGQMERMH
2021-04-06,Ovens,&,Cooktops,Ikeda,329.0,ZTEIJGNYNC
2021-04-06,Refrigerators,null,null,Nanase,866.0,GQUIAFQIRH
2021-04-06,Water,Heaters,null,Omuro,1094.0,POEZMGDXLN
2021-04-06,Ovens,&,Cooktops,Toshino,2516.0,LFIEXBAPFQ
2021-04-06,Rice,Cookers,null,Furutani,6457.0,ZJZZJNDFOZ
2021-04-06,Refrigerators,null,null,Yoshikawa,2832.0,UG2IU3EFWI
2021-04-06,Televisions,null,null,Kikuma,788.0,FRBLLORNXN
2021-04-06,Washers,&,Dryers,Okamoto,905.0,FUFHZH9WRW
2021-04-06,Vacuum,Cleaners,null,Funami,976.0,VEWPPXWTWS
2021-04-06,Rice,Cookers,null,Matsumoto,7059.0,TJLYGOSEBQ
2021-04-06,Water,Pumps,null,Furutani,10394.0,FVDHIZGQRC
2021-04-06,Ovens,&,Cooktops,Omuro,12564.0,HWTFIGIXOL
2021-04-06,Televisions,null,null,Shimada,2575.0,GHOAPVUVYL
2021-04-06,Rice,Cookers,null,Toshino,6739.0,ECQPIOYXZO
2021-04-06,Washers,&,Dryers,Shimada,1063.0,RBRMDIXXGL
2021-04-06,Refrigerators,null,null,Akaza,2036.0,XVIOZZOUTN
2021-04-06,Air,Conditioners,null,Yoshikawa,,NTMMOBBPEE
2021-04-07,Air,Conditioners,null,Funami,4192.0,HWQKLKDVSB
2021-04-07,Televisions,null,null,Nanase,335.0,EFCRJFQTCD
2021-04-07,Televisions,null,null,Shimada,2514.0,GHOAPVUVYL
2021-04-07,Ovens,&,Cooktops,Toshino,2521.0,LFIEXBAPFQ
2021-04-07,Water,Pumps,null,Furutani,10361.0,FVDHIZGQRC
2021-04-07,Rice,Cookers,null,Furutani,6506.0,ZJZZJNDFOZ
2021-04-07,Dishwashers,null,null,Ikeda,128.0,HO4RC4RTDS
2021-04-07,Ovens,&,Cooktops,Sugiura,1301.0,LBABGBBMJJ
2021-04-07,Ovens,&,Cooktops,Omuro,,HWTFIGIXOL
2021-04-07,Water,Heaters,null,Yoshikawa,191.0,DUVTZNWNAB
2021-04-07,Water,Pumps,null,Funami,12423.0,ZJPMAJIMIT
2021-04-07,Washers,&,Dryers,Kikuma,1491.0,QFY2WV5LUE
2021-04-07,Water,Heaters,null,Sugiura,1460.0,UPJKNMIDRB
2021-04-07,Refrigerators,null,null,Omuro,31267.0,FUWHINIXUA
2021-04-07,Televisions,null,null,Okamoto,1549.0,HANYALJGGA
2021-04-07,Refrigerators,null,null,Akaza,2056.0,XVIOZZOUTN
2021-04-07,Rice,Cookers,null,Matsumoto,7140.0,TJLYGOSEBQ
2021-04-07,Washers,&,Dryers,Akaza,5335.0,VUQUQMHODG
2021-04-07,Air,Conditioners,null,Yoshikawa,5795.0,NTMMOBBPEE
2021-04-07,Dishwashers,null,null,Katayama,,ZWNGQMERMH
2021-04-07,Televisions,null,null,Katayama,2410.0,VZAQLWEGXU
2021-04-07,Rice,Cookers,null,Ikeda,2107.0,JYINACMKHE
2021-04-07,Refrigerators,null,null,Hisami,1040.0,MXC7NMNBIW
2021-04-07,Televisions,null,null,Kikuma,783.0,FRBLLORNXN
2021-04-07,Ovens,&,Cooktops,Shimada,1226.0,WVJTPVZKAQ
2021-04-07,Ovens,&,Cooktops,Ikeda,327.0,ZTEIJGNYNC
2021-04-07,Water,Pumps,null,Yoshikawa,1718.0,TLSY3MWMK8
2021-04-07,Vacuum,Cleaners,null,Hayashida,543.0,GCPKFKSEWG
2021-04-07,Rice,Cookers,null,Akaza,2539.0,KSNN8R2CCO
2021-04-07,Refrigerators,null,null,Nanase,875.0,GQUIAFQIRH
2021-04-07,Vacuum,Cleaners,null,Hisami,1193.0,VNZSEQOSNP
2021-04-07,Refrigerators,null,null,Shimada,8698.0,SFCA6H6QNU
2021-04-07,Dishwashers,null,null,Sugiura,2351.0,KR2Q6QT8PE
2021-04-07,Water,Heaters,null,Omuro,1031.0,POEZMGDXLN
2021-04-07,Dishwashers,null,null,Nanase,4674.0,AVXSMNNRDX
2021-04-07,Vacuum,Cleaners,null,Akaza,1149.0,ZBYVQNRPUP
2021-04-07,Refrigerators,null,null,Funami,1060.0,BIBIOOIHA
2021-04-07,Air,Conditioners,null,Akaza,1690.0,IVOI4I03JA
2021-04-07,Washers,&,Dryers,Shimada,1116.0,RBRMDIXXGL
2021-04-07,Vacuum,Cleaners,null,Funami,980.0,VEWPPXWTWS
2021-04-07,Refrigerators,null,null,Yoshikawa,2807.0,UG2IU3EFWI
2021-04-07,Rice,Cookers,null,Toshino,,ECQPIOYXZO
2021-04-07,Washers,&,Dryers,Hayashida,1858.0,AHJK2FTTBH
2021-04-07,Washers,&,Dryers,Okamoto,922.0,FUFHZH9WRW
2021-04-07,Dishwashers,null,null,Matsumoto,627.0,UPHDCCFDRL
2021-04-07,Water,Heaters,null,Furutani,1284.0,PF4KB33DVZ
2021-04-07,Air,Conditioners,null,Toshino,6339.0,RVFWTWSMNU
2021-04-07,Vacuum,Cleaners,null,Toshino,206.0,NHXJMH55UY
2021-04-07,Ovens,&,Cooktops,Akaza,575.0,PHFB77Q5OA
2021-04-07,Rice,Cookers,null,Funami,8922.0,YPD6CTR0JA
2021-04-07,Water,Pumps,null,Ikeda,855.0,VYD6DV2OVE
2021-04-07,Water,Heaters,null,Ikeda,297.0,AHSRVKIOLJ
2021-04-08,Rice,Cookers,null,Ikeda,2088.0,JYINACMKHE
2021-04-08,Washers,&,Dryers,Okamoto,918.0,FUFHZH9WRW
2021-04-08,Water,Pumps,null,Funami,12396.0,ZJPMAJIMIT
2021-04-08,Washers,&,Dryers,Shimada,1101.0,RBRMDIXXGL
2021-04-08,Refrigerators,null,null,Shimada,8857.0,SFCA6H6QNU
2021-04-08,Water,Heaters,null,Furutani,1302.0,PF4KB33DVZ
2021-04-08,Ovens,&,Cooktops,Toshino,2532.0,LFIEXBAPFQ
2021-04-08,Refrigerators,null,null,Omuro,30681.0,FUWHINIXUA
2021-04-08,Rice,Cookers,null,Akaza,2529.0,KSNN8R2CCO
2021-04-08,Water,Pumps,null,Ikeda,871.0,VYD6DV2OVE
2021-04-08,Water,Pumps,null,Yoshikawa,1870.0,TLSY3MWMK8
2021-04-08,Refrigerators,null,null,Nanase,,GQUIAFQIRH
2021-04-08,Rice,Cookers,null,Funami,8780.0,YPD6CTR0JA
2021-04-08,Vacuum,Cleaners,null,Hisami,1183.0,VNZSEQOSNP
2021-04-08,Ovens,&,Cooktops,Ikeda,343.0,ZTEIJGNYNC
2021-04-08,Washers,&,Dryers,Kikuma,1508.0,QFY2WV5LUE
2021-04-08,Dishwashers,null,null,Nanase,4829.0,AVXSMNNRDX
2021-04-08,Refrigerators,null,null,Hisami,1060.0,MXC7NMNBIW
2021-04-08,Water,Heaters,null,Omuro,1057.0,POEZMGDXLN
2021-04-08,Televisions,null,null,Nanase,331.0,EFCRJFQTCD
2021-04-08,Refrigerators,null,null,Yoshikawa,2791.0,UG2IU3EFWI
2021-04-08,Ovens,&,Cooktops,Shimada,1220.0,WVJTPVZKAQ
2021-04-08,Dishwashers,null,null,Katayama,1618.0,ZWNGQMERMH
2021-04-08,Washers,&,Dryers,Hayashida,1859.0,AHJK2FTTBH
2021-04-08,Televisions,null,null,Shimada,2566.0,GHOAPVUVYL
2021-04-08,Vacuum,Cleaners,null,Hayashida,542.0,GCPKFKSEWG
2021-04-08,Vacuum,Cleaners,null,Funami,981.0,VEWPPXWTWS
2021-04-08,Ovens,&,Cooktops,Akaza,583.0,PHFB77Q5OA
2021-04-08,Rice,Cookers,null,Matsumoto,7068.0,TJLYGOSEBQ
2021-04-08,Televisions,null,null,Okamoto,1555.0,HANYALJGGA
2021-04-08,Dishwashers,null,null,Matsumoto,665.0,UPHDCCFDRL
2021-04-08,Vacuum,Cleaners,null,Akaza,1159.0,ZBYVQNRPUP
2021-04-08,Water,Heaters,null,Sugiura,1474.0,UPJKNMIDRB
2021-04-08,Water,Heaters,null,Ikeda,308.0,AHSRVKIOLJ
2021-04-08,Refrigerators,null,null,Akaza,2086.0,XVIOZZOUTN
2021-04-08,Dishwashers,null,null,Ikeda,130.0,HO4RC4RTDS
2021-04-08,Water,Pumps,null,Furutani,10229.0,FVDHIZGQRC
2021-04-08,Ovens,&,Cooktops,Omuro,,HWTFIGIXOL
2021-04-08,Air,Conditioners,null,Akaza,1701.0,IVOI4I03JA
2021-04-08,Water,Heaters,null,Yoshikawa,196.0,DUVTZNWNAB
2021-04-08,Rice,Cookers,null,Toshino,6688.0,ECQPIOYXZO
2021-04-08,Dishwashers,null,null,Sugiura,2462.0,KR2Q6QT8PE
2021-04-08,Air,Conditioners,null,Toshino,6259.0,RVFWTWSMNU
2021-04-08,Ovens,&,Cooktops,Sugiura,,LBABGBBMJJ
2021-04-08,Refrigerators,null,null,Funami,1055.0,BIBIOOIHA
2021-04-08,Air,Conditioners,null,Yoshikawa,5820.0,NTMMOBBPEE
2021-04-08,Televisions,null,null,Katayama,2416.0,VZAQLWEGXU
2021-04-08,Rice,Cookers,null,Furutani,6581.0,ZJZZJNDFOZ
2021-04-08,Vacuum,Cleaners,null,Toshino,206.0,NHXJMH55UY
2021-04-08,Washers,&,Dryers,Akaza,5306.0,VUQUQMHODG
2021-04-08,Air,Conditioners,null,Funami,4350.0,HWQKLKDVSB
2021-04-08,Televisions,null,null,Kikuma,785.0,FRBLLORNXN
2021-04-09,Dishwashers,null,null,Katayama,1572.0,ZWNGQMERMH
2021-04-09,Water,Pumps,null,Yoshikawa,,TLSY3MWMK8
2021-04-09,Refrigerators,null,null,Funami,1059.0,BIBIOOIHA
2021-04-09,Water,Pumps,null,Ikeda,872.0,VYD6DV2OVE
2021-04-09,Televisions,null,null,Katayama,2464.0,VZAQLWEGXU
2021-04-09,Televisions,null,null,Okamoto,1553.0,HANYALJGGA
2021-04-09,Rice,Cookers,null,Funami,8891.0,YPD6CTR0JA
2021-04-09,Ovens,&,Cooktops,Ikeda,339.0,ZTEIJGNYNC
2021-04-09,Vacuum,Cleaners,null,Hayashida,532.0,GCPKFKSEWG
2021-04-09,Air,Conditioners,null,Yoshikawa,5975.0,NTMMOBBPEE
2021-04-09,Refrigerators,null,null,Akaza,2129.0,XVIOZZOUTN
2021-04-09,Washers,&,Dryers,Shimada,1091.0,RBRMDIXXGL
2021-04-09,Rice,Cookers,null,Akaza,2646.0,KSNN8R2CCO
2021-04-09,Rice,Cookers,null,Toshino,6595.0,ECQPIOYXZO
2021-04-09,Washers,&,Dryers,Akaza,5277.0,VUQUQMHODG
2021-04-09,Water,Heaters,null,Sugiura,1477.0,UPJKNMIDRB
2021-04-09,Vacuum,Cleaners,null,Funami,952.0,VEWPPXWTWS
2021-04-09,Air,Conditioners,null,Akaza,1739.0,IVOI4I03JA
2021-04-09,Refrigerators,null,null,Nanase,867.0,GQUIAFQIRH
2021-04-09,Ovens,&,Cooktops,Shimada,1203.0,WVJTPVZKAQ
2021-04-09,Televisions,null,null,Shimada,2665.0,GHOAPVUVYL
2021-04-09,Refrigerators,null,null,Omuro,30981.0,FUWHINIXUA
2021-04-09,Water,Heaters,null,Ikeda,309.0,AHSRVKIOLJ
2021-04-09,Rice,Cookers,null,Furutani,6454.0,ZJZZJNDFOZ
2021-04-09,Ovens,&,Cooktops,Sugiura,1325.0,LBABGBBMJJ
2021-04-09,Dishwashers,null,null,Sugiura,2341.0,KR2Q6QT8PE
2021-04-09,Air,Conditioners,null,Funami,4340.0,HWQKLKDVSB
2021-04-09,Air,Conditioners,null,Toshino,6467.0,RVFWTWSMNU
2021-04-09,Ovens,&,Cooktops,Omuro,12380.0,HWTFIGIXOL
2021-04-09,Dishwashers,null,null,Ikeda,,HO4RC4RTDS
2021-04-09,Dishwashers,null,null,Matsumoto,656.0,UPHDCCFDRL
2021-04-09,Water,Pumps,null,Furutani,10376.0,FVDHIZGQRC
2021-04-09,Vacuum,Cleaners,null,Akaza,1150.0,ZBYVQNRPUP
2021-04-09,Dishwashers,null,null,Nanase,4616.0,AVXSMNNRDX
2021-04-09,Ovens,&,Cooktops,Akaza,604.0,PHFB77Q5OA
2021-04-09,Water,Heaters,null,Yoshikawa,199.0,DUVTZNWNAB
2021-04-09,Water,Pumps,null,Funami,12445.0,ZJPMAJIMIT
2021-04-09,Refrigerators,null,null,Shimada,8769.0,SFCA6H6QNU
2021-04-09,Rice,Cookers,null,Ikeda,2157.0,JYINACMKHE
2021-04-09,Televisions,null,null,Nanase,341.0,EFCRJFQTCD
2021-04-09,Refrigerators,null,null,Hisami,,MXC7NMNBIW
2021-04-09,Televisions,null,null,Kikuma,792.0,FRBLLORNXN
2021-04-09,Washers,&,Dryers,Okamoto,911.0,FUFHZH9WRW
2021-04-09,Vacuum,Cleaners,null,Hisami,1175.0,VNZSEQOSNP
2021-04-09,Vacuum,Cleaners,null,Toshino,197.0,NHXJMH55UY
2021-04-09,Washers,&,Dryers,Hayashida,1864.0,AHJK2FTTBH
2021-04-09,Water,Heaters,null,Omuro,1047.0,POEZMGDXLN
2021-04-09,Rice,Cookers,null,Matsumoto,6923.0,TJLYGOSEBQ
2021-04-09,Refrigerators,null,null,Yoshikawa,2772.0,UG2IU3EFWI
2021-04-09,Washers,&,Dryers,Kikuma,1586.0,QFY2WV5LUE
2021-04-09,Water,Heaters,null,Furutani,1312.0,PF4KB33DVZ
2021-04-09,Ovens,&,Cooktops,Toshino,2548.0,LFIEXBAPFQ
2021-04-12,Air,Conditioners,null,Akaza,1609.0,IVOI4I03JA
2021-04-12,Ovens,&,Cooktops,Akaza,574.0,PHFB77Q5OA
2021-04-12,Water,Heaters,null,Ikeda,298.0,AHSRVKIOLJ
2021-04-12,Dishwashers,null,null,Nanase,4454.0,AVXSMNNRDX
2021-04-12,Refrigerators,null,null,Nanase,882.0,GQUIAFQIRH
2021-04-12,Rice,Cookers,null,Funami,8630.0,YPD6CTR0JA
2021-04-12,Dishwashers,null,null,Sugiura,2258.0,KR2Q6QT8PE
2021-04-12,Washers,&,Dryers,Okamoto,871.0,FUFHZH9WRW
2021-04-12,Rice,Cookers,null,Ikeda,2166.0,JYINACMKHE
2021-04-12,Televisions,null,null,Shimada,2534.0,GHOAPVUVYL
2021-04-12,Televisions,null,null,Kikuma,774.0,FRBLLORNXN
2021-04-12,Refrigerators,null,null,Hisami,1012.0,MXC7NMNBIW
2021-04-12,Vacuum,Cleaners,null,Hayashida,501.0,GCPKFKSEWG
2021-04-12,Televisions,null,null,Nanase,338.0,EFCRJFQTCD
2021-04-12,Refrigerators,null,null,Akaza,2061.0,XVIOZZOUTN
2021-04-12,Washers,&,Dryers,Kikuma,1580.0,QFY2WV5LUE
2021-04-12,Ovens,&,Cooktops,Toshino,2464.0,LFIEXBAPFQ
2021-04-12,Water,Pumps,null,Funami,12218.0,ZJPMAJIMIT
2021-04-12,Refrigerators,null,null,Shimada,8746.0,SFCA6H6QNU
2021-04-12,Water,Heaters,null,Yoshikawa,,DUVTZNWNAB
2021-04-12,Refrigerators,null,null,Omuro,30311.0,FUWHINIXUA
2021-04-12,Washers,&,Dryers,Shimada,1028.0,RBRMDIXXGL
2021-04-12,Refrigerators,null,null,Yoshikawa,2700.0,UG2IU3EFWI
2021-04-12,Televisions,null,null,Okamoto,1506.0,HANYALJGGA
2021-04-12,Rice,Cookers,null,Furutani,6323.0,ZJZZJNDFOZ
2021-04-12,Ovens,&,Cooktops,Omuro,11922.0,HWTFIGIXOL
2021-04-12,Vacuum,Cleaners,null,Akaza,1066.0,ZBYVQNRPUP
2021-04-12,Water,Pumps,null,Furutani,9926.0,FVDHIZGQRC
2021-04-12,Air,Conditioners,null,Funami,4203.0,HWQKLKDVSB
2021-04-12,Air,Conditioners,null,Yoshikawa,5870.0,NTMMOBBPEE
2021-04-12,Dishwashers,null,null,Matsumoto,626.0,UPHDCCFDRL
2021-04-12,Ovens,&,Cooktops,Sugiura,1230.0,LBABGBBMJJ
2021-04-12,Vacuum,Cleaners,null,Funami,940.0,VEWPPXWTWS
2021-04-12,Water,Heaters,null,Furutani,1223.0,PF4KB33DVZ
2021-04-12,Washers,&,Dryers,Hayashida,1855.0,AHJK2FTTBH
2021-04-12,Washers,&,Dryers,Akaza,5075.0,VUQUQMHODG
2021-04-12,Televisions,null,null,Katayama,2342.0,VZAQLWEGXU
2021-04-12,Water,Heaters,null,Sugiura,1365.0,UPJKNMIDRB
2021-04-12,Rice,Cookers,null,Toshino,6623.0,ECQPIOYXZO
2021-04-12,Refrigerators,null,null,Funami,1041.0,BIBIOOIHA
2021-04-12,Rice,Cookers,null,Akaza,2541.0,KSNN8R2CCO
2021-04-12,Water,Heaters,null,Omuro,990.0,POEZMGDXLN
2021-04-12,Dishwashers,null,null,Ikeda,130.0,HO4RC4RTDS
2021-04-12,Dishwashers,null,null,Katayama,1514.0,ZWNGQMERMH
2021-04-12,Water,Pumps,null,Yoshikawa,1764.0,TLSY3MWMK8
2021-04-12,Ovens,&,Cooktops,Shimada,1180.0,WVJTPVZKAQ
2021-04-12,Rice,Cookers,null,Matsumoto,7000.0,TJLYGOSEBQ
2021-04-12,Vacuum,Cleaners,null,Hisami,1134.0,VNZSEQOSNP
2021-04-12,Water,Pumps,null,Ikeda,828.0,VYD6DV2OVE
2021-04-12,Vacuum,Cleaners,null,Toshino,192.0,NHXJMH55UY
2021-04-12,Ovens,&,Cooktops,Ikeda,331.0,ZTEIJGNYNC
2021-04-12,Air,Conditioners,null,Toshino,6320.0,RVFWTWSMNU
2021-04-13,Washers,&,Dryers,Hayashida,1871.0,AHJK2FTTBH
2021-04-13,Washers,&,Dryers,Shimada,1054.0,RBRMDIXXGL
2021-04-13,Dishwashers,null,null,Ikeda,124.0,HO4RC4RTDS
2021-04-13,Dishwashers,null,null,Matsumoto,662.0,UPHDCCFDRL
2021-04-13,Water,Heaters,null,Ikeda,294.0,AHSRVKIOLJ
2021-04-13,Air,Conditioners,null,Yoshikawa,5810.0,NTMMOBBPEE
2021-04-13,Televisions,null,null,Katayama,2267.0,VZAQLWEGXU
2021-04-13,Refrigerators,null,null,Nanase,866.0,GQUIAFQIRH
2021-04-13,Rice,Cookers,null,Akaza,2531.0,KSNN8R2CCO
2021-04-13,Ovens,&,Cooktops,Ikeda,319.0,ZTEIJGNYNC
2021-04-13,Ovens,&,Cooktops,Shimada,,WVJTPVZKAQ
2021-04-13,Rice,Cookers,null,Matsumoto,7004.0,TJLYGOSEBQ
2021-04-13,Refrigerators,null,null,Yoshikawa,2661.0,UG2IU3EFWI
2021-04-13,Televisions,null,null,Nanase,334.0,EFCRJFQTCD
2021-04-13,Water,Pumps,null,Funami,12222.0,ZJPMAJIMIT
2021-04-13,Rice,Cookers,null,Ikeda,2106.0,JYINACMKHE
2021-04-13,Refrigerators,null,null,Omuro,30004.0,FUWHINIXUA
2021-04-13,Vacuum,Cleaners,null,Akaza,1067.0,ZBYVQNRPUP
2021-04-13,Ovens,&,Cooktops,Akaza,564.0,PHFB77Q5OA
2021-04-13,Water,Pumps,null,Furutani,10514.0,FVDHIZGQRC
2021-04-13,Refrigerators,null,null,Hisami,993.0,MXC7NMNBIW
2021-04-13,Televisions,null,null,Kikuma,764.0,FRBLLORNXN
2021-04-13,Vacuum,Cleaners,null,Hayashida,497.0,GCPKFKSEWG
2021-04-13,Dishwashers,null,null,Katayama,1514.0,ZWNGQMERMH
2021-04-13,Ovens,&,Cooktops,Omuro,11697.0,HWTFIGIXOL
2021-04-13,Water,Heaters,null,Omuro,1012.0,POEZMGDXLN
2021-04-13,Rice,Cookers,null,Toshino,6571.0,ECQPIOYXZO
2021-04-13,Vacuum,Cleaners,null,Toshino,198.0,NHXJMH55UY
2021-04-13,Refrigerators,null,null,Shimada,8982.0,SFCA6H6QNU
2021-04-13,Water,Heaters,null,Yoshikawa,183.0,DUVTZNWNAB
2021-04-13,Dishwashers,null,null,Sugiura,2264.0,KR2Q6QT8PE
2021-04-13,Televisions,null,null,Shimada,2497.0,GHOAPVUVYL
2021-04-13,Washers,&,Dryers,Kikuma,1524.0,QFY2WV5LUE
2021-04-13,Vacuum,Cleaners,null,Hisami,1114.0,VNZSEQOSNP
2021-04-13,Washers,&,Dryers,Okamoto,866.0,FUFHZH9WRW
2021-04-13,Water,Pumps,null,Ikeda,821.0,VYD6DV2OVE
2021-04-13,Televisions,null,null,Okamoto,1487.0,HANYALJGGA
2021-04-13,Dishwashers,null,null,Nanase,4373.0,AVXSMNNRDX
2021-04-13,Refrigerators,null,null,Akaza,2050.0,XVIOZZOUTN
2021-04-13,Air,Conditioners,null,Funami,4165.0,HWQKLKDVSB
2021-04-13,Water,Heaters,null,Sugiura,1375.0,UPJKNMIDRB
2021-04-13,Air,Conditioners,null,Akaza,1596.0,IVOI4I03JA
2021-04-13,Air,Conditioners,null,Toshino,6276.0,RVFWTWSMNU
2021-04-13,Refrigerators,null,null,Funami,1057.0,BIBIOOIHA
2021-04-13,Water,Pumps,null,Yoshikawa,1719.0,TLSY3MWMK8
2021-04-13,Rice,Cookers,null,Funami,8618.0,YPD6CTR0JA
2021-04-13,Washers,&,Dryers,Akaza,5053.0,VUQUQMHODG
2021-04-13,Vacuum,Cleaners,null,Funami,934.0,VEWPPXWTWS
2021-04-13,Ovens,&,Cooktops,Toshino,2450.0,LFIEXBAPFQ
2021-04-13,Water,Heaters,null,Furutani,1233.0,PF4KB33DVZ
2021-04-13,Ovens,&,Cooktops,Sugiura,,LBABGBBMJJ
2021-04-13,Rice,Cookers,null,Furutani,6230.0,ZJZZJNDFOZ
2021-04-14,Water,Pumps,null,Ikeda,,VYD6DV2OVE
2021-04-14,Televisions,null,null,Shimada,2516.0,GHOAPVUVYL
2021-04-14,Ovens,&,Cooktops,Shimada,1204.0,WVJTPVZKAQ
2021-04-14,Dishwashers,null,null,Ikeda,127.0,HO4RC4RTDS
2021-04-14,Water,Pumps,null,Yoshikawa,1755.0,TLSY3MWMK8
2021-04-14,Refrigerators,null,null,Funami,1091.0,BIBIOOIHA
2021-04-14,Vacuum,Cleaners,null,Hisami,1137.0,VNZSEQOSNP
2021-04-14,Televisions,null,null,Katayama,2272.0,VZAQLWEGXU
2021-04-14,Ovens,&,Cooktops,Toshino,2420.0,LFIEXBAPFQ
2021-04-14,Dishwashers,null,null,Nanase,4427.0,AVXSMNNRDX
2021-04-14,Washers,&,Dryers,Hayashida,1841.0,AHJK2FTTBH
2021-04-14,Air,Conditioners,null,Toshino,6309.0,RVFWTWSMNU
2021-04-14,Air,Conditioners,null,Yoshikawa,5920.0,NTMMOBBPEE
2021-04-14,Ovens,&,Cooktops,Ikeda,337.0,ZTEIJGNYNC
2021-04-14,Vacuum,Cleaners,null,Funami,930.0,VEWPPXWTWS
2021-04-14,Washers,&,Dryers,Shimada,1050.0,RBRMDIXXGL
2021-04-14,Vacuum,Cleaners,null,Akaza,1118.0,ZBYVQNRPUP
2021-04-14,Water,Heaters,null,Furutani,1261.0,PF4KB33DVZ
2021-04-14,Water,Pumps,null,Furutani,11046.0,FVDHIZGQRC
2021-04-14,Ovens,&,Cooktops,Sugiura,1209.0,LBABGBBMJJ
2021-04-14,Ovens,&,Cooktops,Omuro,12083.0,HWTFIGIXOL
2021-04-14,Refrigerators,null,null,Nanase,869.0,GQUIAFQIRH
2021-04-14,Air,Conditioners,null,Funami,4344.0,HWQKLKDVSB
2021-04-14,Refrigerators,null,null,Omuro,31528.0,FUWHINIXUA
2021-04-14,Refrigerators,null,null,Shimada,8827.0,SFCA6H6QNU
2021-04-14,Water,Heaters,null,Yoshikawa,197.0,DUVTZNWNAB
2021-04-14,Rice,Cookers,null,Akaza,2605.0,KSNN8R2CCO
2021-04-14,Water,Pumps,null,Funami,,ZJPMAJIMIT
2021-04-14,Washers,&,Dryers,Kikuma,1497.0,QFY2WV5LUE
2021-04-14,Dishwashers,null,null,Katayama,1532.0,ZWNGQMERMH
2021-04-14,Dishwashers,null,null,Matsumoto,647.0,UPHDCCFDRL
2021-04-14,Rice,Cookers,null,Ikeda,2120.0,JYINACMKHE
2021-04-14,Televisions,null,null,Kikuma,769.0,FRBLLORNXN
2021-04-14,Dishwashers,null,null,Sugiura,2339.0,KR2Q6QT8PE
2021-04-14,Washers,&,Dryers,Okamoto,868.0,FUFHZH9WRW
2021-04-14,Televisions,null,null,Nanase,334.0,EFCRJFQTCD
2021-04-14,Rice,Cookers,null,Toshino,6590.0,ECQPIOYXZO
2021-04-14,Rice,Cookers,null,Matsumoto,7146.0,TJLYGOSEBQ
2021-04-14,Refrigerators,null,null,Hisami,1022.0,MXC7NMNBIW
2021-04-14,Televisions,null,null,Okamoto,1501.0,HANYALJGGA
2021-04-14,Vacuum,Cleaners,null,Toshino,194.0,NHXJMH55UY
2021-04-14,Rice,Cookers,null,Furutani,6302.0,ZJZZJNDFOZ
2021-04-14,Vacuum,Cleaners,null,Hayashida,510.0,GCPKFKSEWG
2021-04-14,Ovens,&,Cooktops,Akaza,582.0,PHFB77Q5OA
2021-04-14,Air,Conditioners,null,Akaza,1666.0,IVOI4I03JA
2021-04-14,Water,Heaters,null,Sugiura,1425.0,UPJKNMIDRB
2021-04-14,Water,Heaters,null,Omuro,1021.0,POEZMGDXLN
2021-04-14,Washers,&,Dryers,Akaza,5260.0,VUQUQMHODG
2021-04-14,Rice,Cookers,null,Funami,8753.0,YPD6CTR0JA
2021-04-14,Water,Heaters,null,Ikeda,297.0,AHSRVKIOLJ
2021-04-14,Refrigerators,null,null,Akaza,2071.0,XVIOZZOUTN
2021-04-14,Refrigerators,null,null,Yoshikawa,2750.0,UG2IU3EFWI
2021-04-15,Vacuum,Cleaners,null,Akaza,1152.0,ZBYVQNRPUP
2021-04-15,Refrigerators,null,null,Shimada,8784.0,SFCA6H6QNU
2021-04-15,Air,Conditioners,null,Funami,4410.0,HWQKLKDVSB
2021-04-15,Dishwashers,null,null,Sugiura,2323.0,KR2Q6QT8PE
2021-04-15,Refrigerators,null,null,Omuro,31378.0,FUWHINIXUA
2021-04-15,Air,Conditioners,null,Yoshikawa,5951.0,NTMMOBBPEE
2021-04-15,Televisions,null,null,Kikuma,787.0,FRBLLORNXN
2021-04-15,Refrigerators,null,null,Yoshikawa,2691.0,UG2IU3EFWI
2021-04-15,Air,Conditioners,null,Toshino,6316.0,RVFWTWSMNU
2021-04-15,Ovens,&,Cooktops,Omuro,11933.0,HWTFIGIXOL
2021-04-15,Vacuum,Cleaners,null,Toshino,193.0,NHXJMH55UY
2021-04-15,Washers,&,Dryers,Okamoto,864.0,FUFHZH9WRW
2021-04-15,Ovens,&,Cooktops,Sugiura,1196.0,LBABGBBMJJ
2021-04-15,Washers,&,Dryers,Shimada,1043.0,RBRMDIXXGL
2021-04-15,Rice,Cookers,null,Funami,8771.0,YPD6CTR0JA
2021-04-15,Dishwashers,null,null,Nanase,,AVXSMNNRDX
2021-04-15,Ovens,&,Cooktops,Akaza,579.0,PHFB77Q5OA
2021-04-15,Rice,Cookers,null,Matsumoto,7757.0,TJLYGOSEBQ
2021-04-15,Water,Heaters,null,Furutani,1233.0,PF4KB33DVZ
2021-04-15,Water,Pumps,null,Furutani,10815.0,FVDHIZGQRC
2021-04-15,Air,Conditioners,null,Akaza,1624.0,IVOI4I03JA
2021-04-15,Refrigerators,null,null,Nanase,858.0,GQUIAFQIRH
2021-04-15,Refrigerators,null,null,Akaza,2164.0,XVIOZZOUTN
2021-04-15,Televisions,null,null,Shimada,2510.0,GHOAPVUVYL
2021-04-15,Rice,Cookers,null,Akaza,2574.0,KSNN8R2CCO
2021-04-15,Vacuum,Cleaners,null,Hisami,1133.0,VNZSEQOSNP
2021-04-15,Water,Heaters,null,Ikeda,295.0,AHSRVKIOLJ
2021-04-15,Refrigerators,null,null,Funami,1091.0,BIBIOOIHA
2021-04-15,Vacuum,Cleaners,null,Funami,947.0,VEWPPXWTWS
2021-04-15,Water,Heaters,null,Sugiura,1402.0,UPJKNMIDRB
2021-04-15,Washers,&,Dryers,Akaza,5229.0,VUQUQMHODG
2021-04-15,Water,Pumps,null,Yoshikawa,,TLSY3MWMK8
2021-04-15,Dishwashers,null,null,Matsumoto,647.0,UPHDCCFDRL
2021-04-15,Ovens,&,Cooktops,Shimada,1190.0,WVJTPVZKAQ
2021-04-15,Dishwashers,null,null,Katayama,1532.0,ZWNGQMERMH
2021-04-15,Rice,Cookers,null,Ikeda,2229.0,JYINACMKHE
2021-04-15,Rice,Cookers,null,Furutani,6382.0,ZJZZJNDFOZ
2021-04-15,Televisions,null,null,Katayama,2191.0,VZAQLWEGXU
2021-04-15,Water,Pumps,null,Ikeda,865.0,VYD6DV2OVE
2021-04-15,Ovens,&,Cooktops,Toshino,2375.0,LFIEXBAPFQ
2021-04-15,Dishwashers,null,null,Ikeda,132.0,HO4RC4RTDS
2021-04-15,Water,Heaters,null,Omuro,1020.0,POEZMGDXLN
2021-04-15,Televisions,null,null,Okamoto,1515.0,HANYALJGGA
2021-04-15,Washers,&,Dryers,Hayashida,1797.0,AHJK2FTTBH
2021-04-15,Washers,&,Dryers,Kikuma,1499.0,QFY2WV5LUE
2021-04-15,Refrigerators,null,null,Hisami,991.0,MXC7NMNBIW
2021-04-15,Water,Pumps,null,Funami,12937.0,ZJPMAJIMIT
2021-04-15,Rice,Cookers,null,Toshino,6652.0,ECQPIOYXZO
2021-04-15,Televisions,null,null,Nanase,334.0,EFCRJFQTCD
2021-04-15,Vacuum,Cleaners,null,Hayashida,508.0,GCPKFKSEWG
2021-04-15,Water,Heaters,null,Yoshikawa,199.0,DUVTZNWNAB
2021-04-15,Ovens,&,Cooktops,Ikeda,340.0,ZTEIJGNYNC
2021-04-16,Dishwashers,null,null,Matsumoto,637.0,UPHDCCFDRL
2021-04-16,Water,Pumps,null,Ikeda,825.0,VYD6DV2OVE
2021-04-16,Refrigerators,null,null,Yoshikawa,2610.0,UG2IU3EFWI
2021-04-16,Rice,Cookers,null,Toshino,6715.0,ECQPIOYXZO
2021-04-16,Ovens,&,Cooktops,Ikeda,339.0,ZTEIJGNYNC
2021-04-16,Dishwashers,null,null,Ikeda,133.0,HO4RC4RTDS
2021-04-16,Air,Conditioners,null,Yoshikawa,5929.0,NTMMOBBPEE
2021-04-16,Washers,&,Dryers,Shimada,1075.0,RBRMDIXXGL
2021-04-16,Water,Heaters,null,Sugiura,1396.0,UPJKNMIDRB
2021-04-16,Washers,&,Dryers,Hayashida,1850.0,AHJK2FTTBH
2021-04-16,Air,Conditioners,null,Funami,4348.0,HWQKLKDVSB
2021-04-16,Vacuum,Cleaners,null,Toshino,201.0,NHXJMH55UY
2021-04-16,Refrigerators,null,null,Akaza,2284.0,XVIOZZOUTN
2021-04-16,Rice,Cookers,null,Furutani,6333.0,ZJZZJNDFOZ
2021-04-16,Water,Heaters,null,Furutani,1213.0,PF4KB33DVZ
2021-04-16,Refrigerators,null,null,Funami,1084.0,BIBIOOIHA
2021-04-16,Vacuum,Cleaners,null,Hisami,1142.0,VNZSEQOSNP
2021-04-16,Dishwashers,null,null,Katayama,1566.0,ZWNGQMERMH
2021-04-16,Washers,&,Dryers,Akaza,,VUQUQMHODG
2021-04-16,Televisions,null,null,Shimada,2508.0,GHOAPVUVYL
2021-04-16,Ovens,&,Cooktops,Toshino,2381.0,LFIEXBAPFQ
2021-04-16,Dishwashers,null,null,Sugiura,2396.0,KR2Q6QT8PE
2021-04-16,Vacuum,Cleaners,null,Hayashida,505.0,GCPKFKSEWG
2021-04-16,Ovens,&,Cooktops,Shimada,1181.0,WVJTPVZKAQ
2021-04-16,Refrigerators,null,null,Hisami,1008.0,MXC7NMNBIW
2021-04-16,Televisions,null,null,Nanase,341.0,EFCRJFQTCD
2021-04-16,Rice,Cookers,null,Ikeda,2210.0,JYINACMKHE
2021-04-16,Rice,Cookers,null,Matsumoto,7731.0,TJLYGOSEBQ
2021-04-16,Water,Heaters,null,Omuro,1022.0,POEZMGDXLN
2021-04-16,Ovens,&,Cooktops,Akaza,574.0,PHFB77Q5OA
2021-04-16,Air,Conditioners,null,Akaza,1577.0,IVOI4I03JA
2021-04-16,Washers,&,Dryers,Okamoto,902.0,FUFHZH9WRW
2021-04-16,Rice,Cookers,null,Funami,8933.0,YPD6CTR0JA
2021-04-16,Rice,Cookers,null,Akaza,2577.0,KSNN8R2CCO
2021-04-16,Televisions,null,null,Okamoto,1489.0,HANYALJGGA
2021-04-16,Televisions,null,null,Katayama,2164.0,VZAQLWEGXU
2021-04-16,Water,Pumps,null,Yoshikawa,1755.0,TLSY3MWMK8
2021-04-16,Ovens,&,Cooktops,Sugiura,1172.0,LBABGBBMJJ
2021-04-16,Vacuum,Cleaners,null,Akaza,1152.0,ZBYVQNRPUP
2021-04-16,Refrigerators,null,null,Nanase,857.0,GQUIAFQIRH
2021-04-16,Ovens,&,Cooktops,Omuro,11942.0,HWTFIGIXOL
2021-04-16,Refrigerators,null,null,Omuro,31355.0,FUWHINIXUA
2021-04-16,Refrigerators,null,null,Shimada,8822.0,SFCA6H6QNU
2021-04-16,Water,Pumps,null,Furutani,10661.0,FVDHIZGQRC
2021-04-16,Air,Conditioners,null,Toshino,6305.0,RVFWTWSMNU
2021-04-16,Water,Heaters,null,Yoshikawa,200.0,DUVTZNWNAB
2021-04-16,Televisions,null,null,Kikuma,784.0,FRBLLORNXN
2021-04-16,Washers,&,Dryers,Kikuma,1529.0,QFY2WV5LUE
2021-04-16,Dishwashers,null,null,Nanase,4357.0,AVXSMNNRDX
2021-04-16,Water,Heaters,null,Ikeda,,AHSRVKIOLJ
2021-04-16,Water,Pumps,null,Funami,13001.0,ZJPMAJIMIT
2021-04-16,Vacuum,Cleaners,null,Funami,941.0,VEWPPXWTWS
2021-04-19,Ovens,&,Cooktops,Omuro,12608.0,HWTFIGIXOL
2021-04-19,Water,Heaters,null,Omuro,1085.0,POEZMGDXLN
2021-04-19,Dishwashers,null,null,Katayama,1582.0,ZWNGQMERMH
2021-04-19,Water,Pumps,null,Furutani,10433.0,FVDHIZGQRC
2021-04-19,Televisions,null,null,Kikuma,801.0,FRBLLORNXN
2021-04-19,Ovens,&,Cooktops,Toshino,2420.0,LFIEXBAPFQ
2021-04-19,Air,Conditioners,null,Yoshikawa,5856.0,NTMMOBBPEE
2021-04-19,Refrigerators,null,null,Akaza,2230.0,XVIOZZOUTN
2021-04-19,Rice,Cookers,null,Matsumoto,7580.0,TJLYGOSEBQ
2021-04-19,Dishwashers,null,null,Nanase,4315.0,AVXSMNNRDX
2021-04-19,Ovens,&,Cooktops,Ikeda,335.0,ZTEIJGNYNC
2021-04-19,Vacuum,Cleaners,null,Toshino,200.0,NHXJMH55UY
2021-04-19,Washers,&,Dryers,Shimada,,RBRMDIXXGL
2021-04-19,Vacuum,Cleaners,null,Akaza,1140.0,ZBYVQNRPUP
2021-04-19,Washers,&,Dryers,Kikuma,1522.0,QFY2WV5LUE
2021-04-19,Water,Heaters,null,Yoshikawa,197.0,DUVTZNWNAB
2021-04-19,Water,Pumps,null,Funami,12580.0,ZJPMAJIMIT
2021-04-19,Refrigerators,null,null,Yoshikawa,2624.0,UG2IU3EFWI
2021-04-19,Water,Heaters,null,Ikeda,295.0,AHSRVKIOLJ
2021-04-19,Water,Pumps,null,Yoshikawa,1730.0,TLSY3MWMK8
2021-04-19,Televisions,null,null,Katayama,2310.0,VZAQLWEGXU
2021-04-19,Ovens,&,Cooktops,Shimada,1190.0,WVJTPVZKAQ
2021-04-19,Refrigerators,null,null,Shimada,8798.0,SFCA6H6QNU
2021-04-19,Refrigerators,null,null,Funami,1090.0,BIBIOOIHA
2021-04-19,Washers,&,Dryers,Akaza,5217.0,VUQUQMHODG
2021-04-19,Televisions,null,null,Shimada,2694.0,GHOAPVUVYL
2021-04-19,Dishwashers,null,null,Sugiura,2348.0,KR2Q6QT8PE
2021-04-19,Rice,Cookers,null,Ikeda,2221.0,JYINACMKHE
2021-04-19,Vacuum,Cleaners,null,Hayashida,500.0,GCPKFKSEWG
2021-04-19,Washers,&,Dryers,Okamoto,918.0,FUFHZH9WRW
2021-04-19,Refrigerators,null,null,Hisami,1009.0,MXC7NMNBIW
2021-04-19,Vacuum,Cleaners,null,Hisami,1185.0,VNZSEQOSNP
2021-04-19,Televisions,null,null,Okamoto,1486.0,HANYALJGGA
2021-04-19,Refrigerators,null,null,Omuro,31337.0,FUWHINIXUA
2021-04-19,Refrigerators,null,null,Nanase,845.0,GQUIAFQIRH
2021-04-19,Rice,Cookers,null,Toshino,6764.0,ECQPIOYXZO
2021-04-19,Water,Pumps,null,Ikeda,832.0,VYD6DV2OVE
2021-04-19,Dishwashers,null,null,Ikeda,128.0,HO4RC4RTDS
2021-04-19,Washers,&,Dryers,Hayashida,1859.0,AHJK2FTTBH
2021-04-19,Water,Heaters,null,Sugiura,1396.0,UPJKNMIDRB
2021-04-19,Rice,Cookers,null,Akaza,2540.0,KSNN8R2CCO
2021-04-19,Rice,Cookers,null,Funami,,YPD6CTR0JA
2021-04-19,Ovens,&,Cooktops,Sugiura,1181.0,LBABGBBMJJ
2021-04-19,Dishwashers,null,null,Matsumoto,630.0,UPHDCCFDRL
2021-04-19,Air,Conditioners,null,Funami,4376.0,HWQKLKDVSB
2021-04-19,Rice,Cookers,null,Furutani,6275.0,ZJZZJNDFOZ
2021-04-19,Ovens,&,Cooktops,Akaza,562.0,PHFB77Q5OA
2021-04-19,Water,Heaters,null,Furutani,1246.0,PF4KB33DVZ
2021-04-19,Vacuum,Cleaners,null,Funami,940.0,VEWPPXWTWS
2021-04-19,Air,Conditioners,null,Akaza,1647.0,IVOI4I03JA
2021-04-19,Air,Conditioners,null,Toshino,6207.0,RVFWTWSMNU
2021-04-19,Televisions,null,null,Nanase,349.0,EFCRJFQTCD
2021-04-20,Televisions,null,null,Nanase,340.0,EFCRJFQTCD
2021-04-20,Vacuum,Cleaners,null,Funami,995.0,VEWPPXWTWS
2021-04-20,Refrigerators,null,null,Akaza,2221.0,XVIOZZOUTN
2021-04-20,Water,Heaters,null,Ikeda,298.0,AHSRVKIOLJ
2021-04-20,Refrigerators,null,null,Nanase,832.0,GQUIAFQIRH
2021-04-20,Air,Conditioners,null,Funami,4305.0,HWQKLKDVSB
2021-04-20,Ovens,&,Cooktops,Toshino,2424.0,LFIEXBAPFQ
2021-04-20,Ovens,&,Cooktops,Ikeda,340.0,ZTEIJGNYNC
2021-04-20,Televisions,null,null,Shimada,3000.0,GHOAPVUVYL
2021-04-20,Dishwashers,null,null,Katayama,1582.0,ZWNGQMERMH
2021-04-20,Rice,Cookers,null,Funami,8920.0,YPD6CTR0JA
2021-04-20,Water,Heaters,null,Omuro,1069.0,POEZMGDXLN
2021-04-20,Refrigerators,null,null,Omuro,31196.0,FUWHINIXUA
2021-04-20,Ovens,&,Cooktops,Sugiura,1209.0,LBABGBBMJJ
2021-04-20,Water,Heaters,null,Yoshikawa,203.0,DUVTZNWNAB
2021-04-20,Water,Pumps,null,Funami,12818.0,ZJPMAJIMIT
2021-04-20,Washers,&,Dryers,Kikuma,1490.0,QFY2WV5LUE
2021-04-20,Refrigerators,null,null,Funami,1026.0,BIBIOOIHA
2021-04-20,Water,Pumps,null,Yoshikawa,1726.0,TLSY3MWMK8
2021-04-20,Televisions,null,null,Katayama,2473.0,VZAQLWEGXU
2021-04-20,Ovens,&,Cooktops,Shimada,1191.0,WVJTPVZKAQ
2021-04-20,Refrigerators,null,null,Shimada,8749.0,SFCA6H6QNU
2021-04-20,Vacuum,Cleaners,null,Hisami,1200.0,VNZSEQOSNP
2021-04-20,Dishwashers,null,null,Sugiura,2347.0,KR2Q6QT8PE
2021-04-20,Vacuum,Cleaners,null,Hayashida,508.0,GCPKFKSEWG
2021-04-20,Refrigerators,null,null,Hisami,1002.0,MXC7NMNBIW
2021-04-20,Televisions,null,null,Okamoto,1493.0,HANYALJGGA
2021-04-20,Rice,Cookers,null,Ikeda,2222.0,JYINACMKHE
2021-04-20,Air,Conditioners,null,Akaza,1622.0,IVOI4I03JA
2021-04-20,Ovens,&,Cooktops,Akaza,568.0,PHFB77Q5OA
2021-04-20,Televisions,null,null,Kikuma,787.0,FRBLLORNXN
2021-04-20,Rice,Cookers,null,Akaza,2543.0,KSNN8R2CCO
2021-04-20,Washers,&,Dryers,Akaza,5300.0,VUQUQMHODG
2021-04-20,Vacuum,Cleaners,null,Akaza,1181.0,ZBYVQNRPUP
2021-04-20,Washers,&,Dryers,Okamoto,897.0,FUFHZH9WRW
2021-04-20,Water,Heaters,null,Furutani,1234.0,PF4KB33DVZ
2021-04-20,Water,Pumps,null,Furutani,10534.0,FVDHIZGQRC
2021-04-20,Vacuum,Cleaners,null,Toshino,202.0,NHXJMH55UY
2021-04-20,Dishwashers,null,null,Nanase,4269.0,AVXSMNNRDX
2021-04-20,Dishwashers,null,null,Matsumoto,633.0,UPHDCCFDRL
2021-04-20,Dishwashers,null,null,Ikeda,126.0,HO4RC4RTDS
2021-04-20,Refrigerators,null,null,Yoshikawa,2613.0,UG2IU3EFWI
2021-04-20,Rice,Cookers,null,Toshino,6756.0,ECQPIOYXZO
2021-04-20,Water,Pumps,null,Ikeda,826.0,VYD6DV2OVE
2021-04-20,Washers,&,Dryers,Hayashida,1836.0,AHJK2FTTBH
2021-04-20,Water,Heaters,null,Sugiura,1400.0,UPJKNMIDRB
2021-04-20,Washers,&,Dryers,Shimada,1066.0,RBRMDIXXGL
2021-04-20,Air,Conditioners,null,Toshino,6176.0,RVFWTWSMNU
2021-04-20,Rice,Cookers,null,Furutani,6246.0,ZJZZJNDFOZ
2021-04-20,Rice,Cookers,null,Matsumoto,7619.0,TJLYGOSEBQ
2021-04-20,Ovens,&,Cooktops,Omuro,12257.0,HWTFIGIXOL
2021-04-20,Air,Conditioners,null,Yoshikawa,,NTMMOBBPEE
2021-04-21,Dishwashers,null,null,Matsumoto,632.0,UPHDCCFDRL
2021-04-21,Vacuum,Cleaners,null,Hisami,,VNZSEQOSNP
2021-04-21,Air,Conditioners,null,Yoshikawa,5764.0,NTMMOBBPEE
2021-04-21,Dishwashers,null,null,Sugiura,2365.0,KR2Q6QT8PE
2021-04-21,Dishwashers,null,null,Nanase,4168.0,AVXSMNNRDX
2021-04-21,Dishwashers,null,null,Ikeda,126.0,HO4RC4RTDS
2021-04-21,Air,Conditioners,null,Funami,4230.0,HWQKLKDVSB
2021-04-21,Dishwashers,null,null,Katayama,1572.0,ZWNGQMERMH
2021-04-21,Vacuum,Cleaners,null,Toshino,194.0,NHXJMH55UY
2021-04-21,Refrigerators,null,null,Shimada,8765.0,SFCA6H6QNU
2021-04-21,Vacuum,Cleaners,null,Funami,973.0,VEWPPXWTWS
2021-04-21,Water,Pumps,null,Ikeda,824.0,VYD6DV2OVE
2021-04-21,Televisions,null,null,Shimada,3005.0,GHOAPVUVYL
2021-04-21,Rice,Cookers,null,Funami,8802.0,YPD6CTR0JA
2021-04-21,Televisions,null,null,Kikuma,781.0,FRBLLORNXN
2021-04-21,Washers,&,Dryers,Okamoto,914.0,FUFHZH9WRW
2021-04-21,Washers,&,Dryers,Hayashida,1809.0,AHJK2FTTBH
2021-04-21,Vacuum,Cleaners,null,Akaza,1147.0,ZBYVQNRPUP
2021-04-21,Washers,&,Dryers,Akaza,5222.0,VUQUQMHODG
2021-04-21,Rice,Cookers,null,Akaza,2497.0,KSNN8R2CCO
2021-04-21,Rice,Cookers,null,Matsumoto,7534.0,TJLYGOSEBQ
2021-04-21,Ovens,&,Cooktops,Toshino,2399.0,LFIEXBAPFQ
2021-04-21,Water,Pumps,null,Funami,12694.0,ZJPMAJIMIT
2021-04-21,Water,Heaters,null,Sugiura,1420.0,UPJKNMIDRB
2021-04-21,Washers,&,Dryers,Shimada,1058.0,RBRMDIXXGL
2021-04-21,Vacuum,Cleaners,null,Hayashida,506.0,GCPKFKSEWG
2021-04-21,Water,Heaters,null,Yoshikawa,193.0,DUVTZNWNAB
2021-04-21,Refrigerators,null,null,Omuro,30811.0,FUWHINIXUA
2021-04-21,Televisions,null,null,Okamoto,1503.0,HANYALJGGA
2021-04-21,Ovens,&,Cooktops,Shimada,1183.0,WVJTPVZKAQ
2021-04-21,Refrigerators,null,null,Hisami,,MXC7NMNBIW
2021-04-21,Rice,Cookers,null,Ikeda,2210.0,JYINACMKHE
2021-04-21,Air,Conditioners,null,Akaza,1608.0,IVOI4I03JA
2021-04-21,Air,Conditioners,null,Toshino,6102.0,RVFWTWSMNU
2021-04-21,Ovens,&,Cooktops,Akaza,551.0,PHFB77Q5OA
2021-04-21,Rice,Cookers,null,Furutani,6102.0,ZJZZJNDFOZ
2021-04-21,Water,Heaters,null,Ikeda,296.0,AHSRVKIOLJ
2021-04-21,Refrigerators,null,null,Yoshikawa,2600.0,UG2IU3EFWI
2021-04-21,Refrigerators,null,null,Nanase,828.0,GQUIAFQIRH
2021-04-21,Ovens,&,Cooktops,Ikeda,335.0,ZTEIJGNYNC
2021-04-21,Refrigerators,null,null,Akaza,2206.0,XVIOZZOUTN
2021-04-21,Refrigerators,null,null,Funami,1015.0,BIBIOOIHA
2021-04-21,Washers,&,Dryers,Kikuma,1546.0,QFY2WV5LUE
2021-04-21,Televisions,null,null,Katayama,2461.0,VZAQLWEGXU
2021-04-21,Ovens,&,Cooktops,Omuro,12126.0,HWTFIGIXOL
2021-04-21,Water,Heaters,null,Omuro,1065.0,POEZMGDXLN
2021-04-21,Ovens,&,Cooktops,Sugiura,1249.0,LBABGBBMJJ
2021-04-21,Water,Pumps,null,Furutani,10437.0,FVDHIZGQRC
2021-04-21,Televisions,null,null,Nanase,334.0,EFCRJFQTCD
2021-04-21,Rice,Cookers,null,Toshino,6787.0,ECQPIOYXZO
2021-04-21,Water,Heaters,null,Furutani,1234.0,PF4KB33DVZ
2021-04-21,Water,Pumps,null,Yoshikawa,1707.0,TLSY3MWMK8
2021-04-22,Air,Conditioners,null,Akaza,1702.0,IVOI4I03JA
2021-04-22,Vacuum,Cleaners,null,Hayashida,507.0,GCPKFKSEWG
2021-04-22,Water,Pumps,null,Ikeda,818.0,VYD6DV2OVE
2021-04-22,Air,Conditioners,null,Toshino,6106.0,RVFWTWSMNU
2021-04-22,Ovens,&,Cooktops,Akaza,568.0,PHFB77Q5OA
2021-04-22,Water,Heaters,null,Yoshikawa,198.0,DUVTZNWNAB
2021-04-22,Ovens,&,Cooktops,Sugiura,1218.0,LBABGBBMJJ
2021-04-22,Rice,Cookers,null,Toshino,6653.0,ECQPIOYXZO
2021-04-22,Refrigerators,null,null,Akaza,2242.0,XVIOZZOUTN
2021-04-22,Ovens,&,Cooktops,Omuro,12099.0,HWTFIGIXOL
2021-04-22,Dishwashers,null,null,Sugiura,2343.0,KR2Q6QT8PE
2021-04-22,Vacuum,Cleaners,null,Toshino,201.0,NHXJMH55UY
2021-04-22,Vacuum,Cleaners,null,Funami,981.0,VEWPPXWTWS
2021-04-22,Ovens,&,Cooktops,Toshino,2361.0,LFIEXBAPFQ
2021-04-22,Washers,&,Dryers,Kikuma,1485.0,QFY2WV5LUE
2021-04-22,Washers,&,Dryers,Akaza,5440.0,VUQUQMHODG
2021-04-22,Air,Conditioners,null,Funami,4202.0,HWQKLKDVSB
2021-04-22,Dishwashers,null,null,Katayama,,ZWNGQMERMH
2021-04-22,Water,Heaters,null,Omuro,1067.0,POEZMGDXLN
2021-04-22,Washers,&,Dryers,Okamoto,900.0,FUFHZH9WRW
2021-04-22,Water,Pumps,null,Yoshikawa,1721.0,TLSY3MWMK8
2021-04-22,Vacuum,Cleaners,null,Hisami,1147.0,VNZSEQOSNP
2021-04-22,Televisions,null,null,Shimada,2894.0,GHOAPVUVYL
2021-04-22,Water,Heaters,null,Sugiura,1402.0,UPJKNMIDRB
2021-04-22,Televisions,null,null,Okamoto,1495.0,HANYALJGGA
2021-04-22,Refrigerators,null,null,Nanase,843.0,GQUIAFQIRH
2021-04-22,Rice,Cookers,null,Funami,8768.0,YPD6CTR0JA
2021-04-22,Rice,Cookers,null,Akaza,2486.0,KSNN8R2CCO
2021-04-22,Refrigerators,null,null,Yoshikawa,2649.0,UG2IU3EFWI
2021-04-22,Dishwashers,null,null,Ikeda,126.0,HO4RC4RTDS
2021-04-22,Water,Heaters,null,Ikeda,298.0,AHSRVKIOLJ
2021-04-22,Televisions,null,null,Kikuma,791.0,FRBLLORNXN
2021-04-22,Dishwashers,null,null,Nanase,4195.0,AVXSMNNRDX
2021-04-22,Washers,&,Dryers,Hayashida,1799.0,AHJK2FTTBH
2021-04-22,Water,Heaters,null,Furutani,1223.0,PF4KB33DVZ
2021-04-22,Refrigerators,null,null,Shimada,8740.0,SFCA6H6QNU
2021-04-22,Refrigerators,null,null,Funami,1020.0,BIBIOOIHA
2021-04-22,Water,Pumps,null,Furutani,10302.0,FVDHIZGQRC
2021-04-22,Ovens,&,Cooktops,Ikeda,331.0,ZTEIJGNYNC
2021-04-22,Televisions,null,null,Katayama,2329.0,VZAQLWEGXU
2021-04-22,Televisions,null,null,Nanase,328.0,EFCRJFQTCD
2021-04-22,Air,Conditioners,null,Yoshikawa,5650.0,NTMMOBBPEE
2021-04-22,Vacuum,Cleaners,null,Akaza,1112.0,ZBYVQNRPUP
2021-04-22,Rice,Cookers,null,Furutani,6106.0,ZJZZJNDFOZ
2021-04-22,Rice,Cookers,null,Matsumoto,7475.0,TJLYGOSEBQ
2021-04-22,Refrigerators,null,null,Omuro,31071.0,FUWHINIXUA
2021-04-22,Water,Pumps,null,Funami,12606.0,ZJPMAJIMIT
2021-04-22,Washers,&,Dryers,Shimada,1095.0,RBRMDIXXGL
2021-04-22,Rice,Cookers,null,Ikeda,2137.0,JYINACMKHE
2021-04-22,Refrigerators,null,null,Hisami,1001.0,MXC7NMNBIW
2021-04-22,Ovens,&,Cooktops,Shimada,1169.0,WVJTPVZKAQ
2021-04-22,Dishwashers,null,null,Matsumoto,632.0,UPHDCCFDRL
2021-04-23,Televisions,null,null,Kikuma,798.0,FRBLLORNXN
2021-04-23,Refrigerators,null,null,Funami,991.0,BIBIOOIHA
2021-04-23,Water,Heaters,null,Yoshikawa,197.0,DUVTZNWNAB
2021-04-23,Rice,Cookers,null,Toshino,6731.0,ECQPIOYXZO
2021-04-23,Vacuum,Cleaners,null,Toshino,217.0,NHXJMH55UY
2021-04-23,Televisions,null,null,Katayama,2303.0,VZAQLWEGXU
2021-04-23,Rice,Cookers,null,Funami,8871.0,YPD6CTR0JA
2021-04-23,Water,Pumps,null,Ikeda,799.0,VYD6DV2OVE
2021-04-23,Televisions,null,null,Nanase,323.0,EFCRJFQTCD
2021-04-23,Vacuum,Cleaners,null,Funami,983.0,VEWPPXWTWS
2021-04-23,Ovens,&,Cooktops,Omuro,12059.0,HWTFIGIXOL
2021-04-23,Refrigerators,null,null,Shimada,8723.0,SFCA6H6QNU
2021-04-23,Refrigerators,null,null,Omuro,31950.0,FUWHINIXUA
2021-04-23,Ovens,&,Cooktops,Toshino,2383.0,LFIEXBAPFQ
2021-04-23,Rice,Cookers,null,Matsumoto,7579.0,TJLYGOSEBQ
2021-04-23,Air,Conditioners,null,Funami,4253.0,HWQKLKDVSB
2021-04-23,Rice,Cookers,null,Akaza,2446.0,KSNN8R2CCO
2021-04-23,Rice,Cookers,null,Furutani,6086.0,ZJZZJNDFOZ
2021-04-23,Washers,&,Dryers,Okamoto,906.0,FUFHZH9WRW
2021-04-23,Televisions,null,null,Shimada,2763.0,GHOAPVUVYL
2021-04-23,Water,Heaters,null,Furutani,1213.0,PF4KB33DVZ
2021-04-23,Dishwashers,null,null,Matsumoto,628.0,UPHDCCFDRL
2021-04-23,Water,Heaters,null,Ikeda,294.0,AHSRVKIOLJ
2021-04-23,Water,Heaters,null,Sugiura,1412.0,UPJKNMIDRB
2021-04-23,Refrigerators,null,null,Akaza,2181.0,XVIOZZOUTN
2021-04-23,Water,Heaters,null,Omuro,1073.0,POEZMGDXLN
2021-04-23,Dishwashers,null,null,Nanase,4152.0,AVXSMNNRDX
2021-04-23,Washers,&,Dryers,Shimada,1092.0,RBRMDIXXGL
2021-04-23,Televisions,null,null,Okamoto,1507.0,HANYALJGGA
2021-04-23,Rice,Cookers,null,Ikeda,2171.0,JYINACMKHE
2021-04-23,Dishwashers,null,null,Katayama,1574.0,ZWNGQMERMH
2021-04-23,Vacuum,Cleaners,null,Akaza,1124.0,ZBYVQNRPUP
2021-04-23,Water,Pumps,null,Yoshikawa,1706.0,TLSY3MWMK8
2021-04-23,Washers,&,Dryers,Hayashida,1813.0,AHJK2FTTBH
2021-04-23,Ovens,&,Cooktops,Shimada,1202.0,WVJTPVZKAQ
2021-04-23,Refrigerators,null,null,Hisami,1003.0,MXC7NMNBIW
2021-04-23,Dishwashers,null,null,Ikeda,130.0,HO4RC4RTDS
2021-04-23,Refrigerators,null,null,Yoshikawa,2632.0,UG2IU3EFWI
2021-04-23,Air,Conditioners,null,Toshino,6147.0,RVFWTWSMNU
2021-04-23,Air,Conditioners,null,Yoshikawa,5799.0,NTMMOBBPEE
2021-04-23,Ovens,&,Cooktops,Akaza,607.0,PHFB77Q5OA
2021-04-23,Air,Conditioners,null,Akaza,1630.0,IVOI4I03JA
2021-04-23,Washers,&,Dryers,Kikuma,1476.0,QFY2WV5LUE
2021-04-23,Water,Pumps,null,Funami,12808.0,ZJPMAJIMIT
2021-04-23,Vacuum,Cleaners,null,Hisami,1147.0,VNZSEQOSNP
2021-04-23,Water,Pumps,null,Furutani,10422.0,FVDHIZGQRC
2021-04-23,Ovens,&,Cooktops,Ikeda,343.0,ZTEIJGNYNC
2021-04-23,Refrigerators,null,null,Nanase,840.0,GQUIAFQIRH
2021-04-23,Dishwashers,null,null,Sugiura,2310.0,KR2Q6QT8PE
2021-04-23,Ovens,&,Cooktops,Sugiura,1228.0,LBABGBBMJJ
2021-04-23,Washers,&,Dryers,Akaza,5609.0,VUQUQMHODG
2021-04-23,Vacuum,Cleaners,null,Hayashida,512.0,GCPKFKSEWG
2021-04-26,Washers,&,Dryers,Shimada,1080.0,RBRMDIXXGL
2021-04-26,Refrigerators,null,null,Omuro,31415.0,FUWHINIXUA
2021-04-26,Ovens,&,Cooktops,Shimada,1212.0,WVJTPVZKAQ
2021-04-26,Vacuum,Cleaners,null,Hayashida,,GCPKFKSEWG
2021-04-26,Water,Heaters,null,Yoshikawa,204.0,DUVTZNWNAB
2021-04-26,Air,Conditioners,null,Akaza,1572.0,IVOI4I03JA
2021-04-26,Rice,Cookers,null,Funami,8680.0,YPD6CTR0JA
2021-04-26,Televisions,null,null,Okamoto,1480.0,HANYALJGGA
2021-04-26,Ovens,&,Cooktops,Akaza,604.0,PHFB77Q5OA
2021-04-26,Water,Pumps,null,Funami,12652.0,ZJPMAJIMIT
2021-04-26,Water,Heaters,null,Sugiura,1429.0,UPJKNMIDRB
2021-04-26,Refrigerators,null,null,Hisami,994.0,MXC7NMNBIW
2021-04-26,Air,Conditioners,null,Toshino,5950.0,RVFWTWSMNU
2021-04-26,Rice,Cookers,null,Matsumoto,7356.0,TJLYGOSEBQ
2021-04-26,Vacuum,Cleaners,null,Funami,1000.0,VEWPPXWTWS
2021-04-26,Televisions,null,null,Nanase,329.0,EFCRJFQTCD
2021-04-26,Refrigerators,null,null,Nanase,819.0,GQUIAFQIRH
2021-04-26,Televisions,null,null,Katayama,2230.0,VZAQLWEGXU
2021-04-26,Ovens,&,Cooktops,Ikeda,339.0,ZTEIJGNYNC
2021-04-26,Water,Pumps,null,Furutani,10510.0,FVDHIZGQRC
2021-04-26,Refrigerators,null,null,Funami,1004.0,BIBIOOIHA
2021-04-26,Televisions,null,null,Kikuma,797.0,FRBLLORNXN
2021-04-26,Water,Heaters,null,Furutani,1269.0,PF4KB33DVZ
2021-04-26,Dishwashers,null,null,Matsumoto,626.0,UPHDCCFDRL
2021-04-26,Refrigerators,null,null,Shimada,8697.0,SFCA6H6QNU
2021-04-26,Air,Conditioners,null,Yoshikawa,,NTMMOBBPEE
2021-04-26,Refrigerators,null,null,Yoshikawa,2611.0,UG2IU3EFWI
2021-04-26,Water,Heaters,null,Ikeda,298.0,AHSRVKIOLJ
2021-04-26,Dishwashers,null,null,Ikeda,128.0,HO4RC4RTDS
2021-04-26,Rice,Cookers,null,Furutani,6120.0,ZJZZJNDFOZ
2021-04-26,Rice,Cookers,null,Akaza,2446.0,KSNN8R2CCO
2021-04-26,Washers,&,Dryers,Hayashida,1801.0,AHJK2FTTBH
2021-04-26,Dishwashers,null,null,Sugiura,2386.0,KR2Q6QT8PE
2021-04-26,Vacuum,Cleaners,null,Akaza,1131.0,ZBYVQNRPUP
2021-04-26,Dishwashers,null,null,Nanase,4317.0,AVXSMNNRDX
2021-04-26,Ovens,&,Cooktops,Toshino,2387.0,LFIEXBAPFQ
2021-04-26,Rice,Cookers,null,Ikeda,2034.0,JYINACMKHE
2021-04-26,Dishwashers,null,null,Katayama,1611.0,ZWNGQMERMH
2021-04-26,Refrigerators,null,null,Akaza,2204.0,XVIOZZOUTN
2021-04-26,Washers,&,Dryers,Akaza,5631.0,VUQUQMHODG
2021-04-26,Ovens,&,Cooktops,Omuro,11870.0,HWTFIGIXOL
2021-04-26,Water,Heaters,null,Omuro,1105.0,POEZMGDXLN
2021-04-26,Televisions,null,null,Shimada,2613.0,GHOAPVUVYL
2021-04-26,Water,Pumps,null,Yoshikawa,1708.0,TLSY3MWMK8
2021-04-26,Vacuum,Cleaners,null,Toshino,214.0,NHXJMH55UY
2021-04-26,Ovens,&,Cooktops,Sugiura,1197.0,LBABGBBMJJ
2021-04-26,Washers,&,Dryers,Okamoto,926.0,FUFHZH9WRW
2021-04-26,Vacuum,Cleaners,null,Hisami,1158.0,VNZSEQOSNP
2021-04-26,Rice,Cookers,null,Toshino,6681.0,ECQPIOYXZO
2021-04-26,Water,Pumps,null,Ikeda,,VYD6DV2OVE
2021-04-26,Washers,&,Dryers,Kikuma,1476.0,QFY2WV5LUE
2021-04-26,Air,Conditioners,null,Funami,4134.0,HWQKLKDVSB
2021-04-27,Washers,&,Dryers,Kikuma,1463.0,QFY2WV5LUE
2021-04-27,Washers,&,Dryers,Shimada,,RBRMDIXXGL
2021-04-27,Refrigerators,null,null,Akaza,2187.0,XVIOZZOUTN
2021-04-27,Water,Pumps,null,Funami,12494.0,ZJPMAJIMIT
2021-04-27,Ovens,&,Cooktops,Omuro,11751.0,HWTFIGIXOL
2021-04-27,Rice,Cookers,null,Matsumoto,6846.0,TJLYGOSEBQ
2021-04-27,Refrigerators,null,null,Funami,995.0,BIBIOOIHA
2021-04-27,Vacuum,Cleaners,null,Toshino,208.0,NHXJMH55UY
2021-04-27,Water,Heaters,null,Omuro,1129.0,POEZMGDXLN
2021-04-27,Dishwashers,null,null,Matsumoto,624.0,UPHDCCFDRL
2021-04-27,Air,Conditioners,null,Yoshikawa,5898.0,NTMMOBBPEE
2021-04-27,Refrigerators,null,null,Yoshikawa,2557.0,UG2IU3EFWI
2021-04-27,Water,Pumps,null,Furutani,10302.0,FVDHIZGQRC
2021-04-27,Vacuum,Cleaners,null,Akaza,1154.0,ZBYVQNRPUP
2021-04-27,Water,Heaters,null,Ikeda,293.0,AHSRVKIOLJ
2021-04-27,Water,Pumps,null,Yoshikawa,1703.0,TLSY3MWMK8
2021-04-27,Water,Heaters,null,Furutani,1240.0,PF4KB33DVZ
2021-04-27,Rice,Cookers,null,Akaza,2443.0,KSNN8R2CCO
2021-04-27,Refrigerators,null,null,Shimada,8657.0,SFCA6H6QNU
2021-04-27,Washers,&,Dryers,Hayashida,1807.0,AHJK2FTTBH
2021-04-27,Rice,Cookers,null,Furutani,6002.0,ZJZZJNDFOZ
2021-04-27,Dishwashers,null,null,Katayama,1583.0,ZWNGQMERMH
2021-04-27,Dishwashers,null,null,Ikeda,123.0,HO4RC4RTDS
2021-04-27,Ovens,&,Cooktops,Sugiura,1194.0,LBABGBBMJJ
2021-04-27,Vacuum,Cleaners,null,Hisami,1185.0,VNZSEQOSNP
2021-04-27,Rice,Cookers,null,Toshino,6523.0,ECQPIOYXZO
2021-04-27,Ovens,&,Cooktops,Shimada,1211.0,WVJTPVZKAQ
2021-04-27,Dishwashers,null,null,Sugiura,2381.0,KR2Q6QT8PE
2021-04-27,Air,Conditioners,null,Funami,4164.0,HWQKLKDVSB
2021-04-27,Water,Pumps,null,Ikeda,793.0,VYD6DV2OVE
2021-04-27,Ovens,&,Cooktops,Toshino,2394.0,LFIEXBAPFQ
2021-04-27,Vacuum,Cleaners,null,Funami,1005.0,VEWPPXWTWS
2021-04-27,Water,Heaters,null,Sugiura,1438.0,UPJKNMIDRB
2021-04-27,Televisions,null,null,Nanase,321.0,EFCRJFQTCD
2021-04-27,Air,Conditioners,null,Akaza,1592.0,IVOI4I03JA
2021-04-27,Water,Heaters,null,Yoshikawa,199.0,DUVTZNWNAB
2021-04-27,Washers,&,Dryers,Okamoto,891.0,FUFHZH9WRW
2021-04-27,Air,Conditioners,null,Toshino,6035.0,RVFWTWSMNU
2021-04-27,Refrigerators,null,null,Omuro,32042.0,FUWHINIXUA
2021-04-27,Televisions,null,null,Shimada,2632.0,GHOAPVUVYL
2021-04-27,Televisions,null,null,Okamoto,1474.0,HANYALJGGA
2021-04-27,Refrigerators,null,null,Nanase,843.0,GQUIAFQIRH
2021-04-27,Refrigerators,null,null,Hisami,,MXC7NMNBIW
2021-04-27,Ovens,&,Cooktops,Ikeda,332.0,ZTEIJGNYNC
2021-04-27,Vacuum,Cleaners,null,Hayashida,,GCPKFKSEWG
2021-04-27,Washers,&,Dryers,Akaza,5543.0,VUQUQMHODG
2021-04-27,Ovens,&,Cooktops,Akaza,588.0,PHFB77Q5OA
2021-04-27,Rice,Cookers,null,Ikeda,1882.0,JYINACMKHE
2021-04-27,Dishwashers,null,null,Nanase,4324.0,AVXSMNNRDX
2021-04-27,Televisions,null,null,Katayama,2242.0,VZAQLWEGXU
2021-04-27,Rice,Cookers,null,Funami,8576.0,YPD6CTR0JA
2021-04-27,Televisions,null,null,Kikuma,802.0,FRBLLORNXN
2021-04-28,Water,Pumps,null,Furutani,10508.0,FVDHIZGQRC
2021-04-28,Water,Heaters,null,Furutani,1222.0,PF4KB33DVZ
2021-04-28,Rice,Cookers,null,Toshino,6650.0,ECQPIOYXZO
2021-04-28,Dishwashers,null,null,Nanase,4476.0,AVXSMNNRDX
2021-04-28,Ovens,&,Cooktops,Sugiura,1257.0,LBABGBBMJJ
2021-04-28,Ovens,&,Cooktops,Omuro,11921.0,HWTFIGIXOL
2021-04-28,Refrigerators,null,null,Shimada,8628.0,SFCA6H6QNU
2021-04-28,Air,Conditioners,null,Toshino,6217.0,RVFWTWSMNU
2021-04-28,Televisions,null,null,Katayama,2202.0,VZAQLWEGXU
2021-04-28,Vacuum,Cleaners,null,Funami,,VEWPPXWTWS
2021-04-28,Refrigerators,null,null,Funami,993.0,BIBIOOIHA
2021-04-28,Refrigerators,null,null,Yoshikawa,2713.0,UG2IU3EFWI
2021-04-28,Water,Pumps,null,Ikeda,792.0,VYD6DV2OVE
2021-04-28,Ovens,&,Cooktops,Ikeda,339.0,ZTEIJGNYNC
2021-04-28,Refrigerators,null,null,Nanase,821.0,GQUIAFQIRH
2021-04-28,Washers,&,Dryers,Kikuma,1465.0,QFY2WV5LUE
2021-04-28,Vacuum,Cleaners,null,Toshino,217.0,NHXJMH55UY
2021-04-28,Washers,&,Dryers,Akaza,,VUQUQMHODG
2021-04-28,Rice,Cookers,null,Ikeda,2073.0,JYINACMKHE
2021-04-28,Rice,Cookers,null,Funami,8584.0,YPD6CTR0JA
2021-04-28,Refrigerators,null,null,Hisami,908.0,MXC7NMNBIW
2021-04-28,Ovens,&,Cooktops,Akaza,,PHFB77Q5OA
2021-04-28,Televisions,null,null,Okamoto,1466.0,HANYALJGGA
2021-04-28,Vacuum,Cleaners,null,Hayashida,538.0,GCPKFKSEWG
2021-04-28,Televisions,null,null,Shimada,2658.0,GHOAPVUVYL
2021-04-28,Water,Heaters,null,Yoshikawa,,DUVTZNWNAB
2021-04-28,Air,Conditioners,null,Akaza,1594.0,IVOI4I03JA
2021-04-28,Water,Heaters,null,Sugiura,1432.0,UPJKNMIDRB
2021-04-28,Ovens,&,Cooktops,Toshino,2401.0,LFIEXBAPFQ
2021-04-28,Air,Conditioners,null,Funami,4123.0,HWQKLKDVSB
2021-04-28,Dishwashers,null,null,Sugiura,2432.0,KR2Q6QT8PE
2021-04-28,Washers,&,Dryers,Okamoto,897.0,FUFHZH9WRW
2021-04-28,Refrigerators,null,null,Omuro,31609.0,FUWHINIXUA
2021-04-28,Washers,&,Dryers,Shimada,1076.0,RBRMDIXXGL
2021-04-28,Ovens,&,Cooktops,Shimada,1208.0,WVJTPVZKAQ
2021-04-28,Water,Heaters,null,Ikeda,298.0,AHSRVKIOLJ
2021-04-28,Televisions,null,null,Kikuma,815.0,FRBLLORNXN
2021-04-28,Dishwashers,null,null,Ikeda,130.0,HO4RC4RTDS
2021-04-28,Dishwashers,null,null,Katayama,1593.0,ZWNGQMERMH
2021-04-28,Washers,&,Dryers,Hayashida,1793.0,AHJK2FTTBH
2021-04-28,Rice,Cookers,null,Furutani,6089.0,ZJZZJNDFOZ
2021-04-28,Rice,Cookers,null,Akaza,2459.0,KSNN8R2CCO
2021-04-28,Vacuum,Cleaners,null,Hisami,1178.0,VNZSEQOSNP
2021-04-28,Water,Pumps,null,Yoshikawa,1716.0,TLSY3MWMK8
2021-04-28,Vacuum,Cleaners,null,Akaza,1159.0,ZBYVQNRPUP
2021-04-28,Dishwashers,null,null,Matsumoto,620.0,UPHDCCFDRL
2021-04-28,Water,Heaters,null,Omuro,1129.0,POEZMGDXLN
2021-04-28,Refrigerators,null,null,Akaza,2134.0,XVIOZZOUTN
2021-04-28,Rice,Cookers,null,Matsumoto,7056.0,TJLYGOSEBQ
2021-04-28,Water,Pumps,null,Funami,12616.0,ZJPMAJIMIT
2021-04-28,Air,Conditioners,null,Yoshikawa,5844.0,NTMMOBBPEE
2021-04-28,Televisions,null,null,Nanase,318.0,EFCRJFQTCD
2021-04-29,Washers,&,Dryers,Kikuma,1488.0,QFY2WV5LUE
2021-04-29,Refrigerators,null,null,Shimada,8507.0,SFCA6H6QNU
2021-04-29,Water,Pumps,null,Ikeda,822.0,VYD6DV2OVE
2021-04-29,Rice,Cookers,null,Toshino,6530.0,ECQPIOYXZO
2021-04-29,Ovens,&,Cooktops,Omuro,11995.0,HWTFIGIXOL
2021-04-29,Water,Heaters,null,Omuro,1144.0,POEZMGDXLN
2021-04-29,Refrigerators,null,null,Akaza,,XVIOZZOUTN
2021-04-29,Televisions,null,null,Shimada,2652.0,GHOAPVUVYL
2021-04-29,Washers,&,Dryers,Okamoto,910.0,FUFHZH9WRW
2021-04-29,Ovens,&,Cooktops,Toshino,2415.0,LFIEXBAPFQ
2021-04-29,Water,Heaters,null,Sugiura,1468.0,UPJKNMIDRB
2021-04-29,Water,Heaters,null,Yoshikawa,212.0,DUVTZNWNAB
2021-04-29,Air,Conditioners,null,Toshino,6211.0,RVFWTWSMNU
2021-04-29,Televisions,null,null,Okamoto,1462.0,HANYALJGGA
2021-04-29,Rice,Cookers,null,Ikeda,1978.0,JYINACMKHE
2021-04-29,Refrigerators,null,null,Omuro,32030.0,FUWHINIXUA
2021-04-29,Washers,&,Dryers,Shimada,,RBRMDIXXGL
2021-04-29,Rice,Cookers,null,Matsumoto,6894.0,TJLYGOSEBQ
2021-04-29,Rice,Cookers,null,Akaza,2453.0,KSNN8R2CCO
2021-04-29,Rice,Cookers,null,Furutani,6061.0,ZJZZJNDFOZ
2021-04-29,Water,Heaters,null,Ikeda,301.0,AHSRVKIOLJ
2021-04-29,Water,Heaters,null,Furutani,1238.0,PF4KB33DVZ
2021-04-29,Refrigerators,null,null,Funami,1004.0,BIBIOOIHA
2021-04-29,Televisions,null,null,Katayama,2229.0,VZAQLWEGXU
2021-04-29,Rice,Cookers,null,Funami,8646.0,YPD6CTR0JA
2021-04-29,Vacuum,Cleaners,null,Funami,984.0,VEWPPXWTWS
2021-04-29,Ovens,&,Cooktops,Sugiura,1229.0,LBABGBBMJJ
2021-04-29,Water,Pumps,null,Yoshikawa,1737.0,TLSY3MWMK8
2021-04-29,Dishwashers,null,null,Nanase,4654.0,AVXSMNNRDX
2021-04-29,Dishwashers,null,null,Matsumoto,636.0,UPHDCCFDRL
2021-04-29,Air,Conditioners,null,Funami,4158.0,HWQKLKDVSB
2021-04-29,Dishwashers,null,null,Katayama,1757.0,ZWNGQMERMH
2021-04-29,Vacuum,Cleaners,null,Toshino,218.0,NHXJMH55UY
2021-04-29,Vacuum,Cleaners,null,Hisami,1156.0,VNZSEQOSNP
2021-04-29,Dishwashers,null,null,Sugiura,2516.0,KR2Q6QT8PE
2021-04-29,Dishwashers,null,null,Ikeda,130.0,HO4RC4RTDS
2021-04-29,Air,Conditioners,null,Yoshikawa,5899.0,NTMMOBBPEE
2021-04-29,Refrigerators,null,null,Nanase,814.0,GQUIAFQIRH
2021-04-29,Televisions,null,null,Nanase,313.0,EFCRJFQTCD
2021-04-29,Ovens,&,Cooktops,Ikeda,341.0,ZTEIJGNYNC
2021-04-29,Refrigerators,null,null,Yoshikawa,2594.0,UG2IU3EFWI
2021-04-29,Washers,&,Dryers,Hayashida,1819.0,AHJK2FTTBH
2021-04-29,Vacuum,Cleaners,null,Akaza,1141.0,ZBYVQNRPUP
2021-04-29,Water,Pumps,null,Funami,13112.0,ZJPMAJIMIT
2021-04-29,Ovens,&,Cooktops,Shimada,1258.0,WVJTPVZKAQ
2021-04-29,Refrigerators,null,null,Hisami,935.0,MXC7NMNBIW
2021-04-29,Ovens,&,Cooktops,Akaza,,PHFB77Q5OA
2021-04-29,Air,Conditioners,null,Akaza,1609.0,IVOI4I03JA
2021-04-29,Washers,&,Dryers,Akaza,5422.0,VUQUQMHODG
2021-04-29,Vacuum,Cleaners,null,Hayashida,539.0,GCPKFKSEWG
2021-04-29,Water,Pumps,null,Furutani,10547.0,FVDHIZGQRC
2021-04-29,Televisions,null,null,Kikuma,805.0,FRBLLORNXN
